,volume,N,h,r,Cd_mean,epsilon,sgn,p,Cd_ext,approx_err,ext_err,GCI_fine
Data/grid_level_1/,4.35e-05,47970.0,0.0009679208523595712,1.3095522267496529,0.00012198720544727636,-5.438101699150414e-06,1.0,1.0,0.00012517453783407088,0.044579279271224855,0.025463104892942255,0.03266051934614682
Data/grid_level_2/,4.35e-05,21360.0,0.0012675429075248985,1.310616176821151,0.00011654910374812595,-1.4786459670164918e-05,1.0,1.0,0.0001251745378340709,0.12686892644082368,0.06890725730003235,0.09250858445665688
Data/grid_level_3/,4.35e-05,9488.0,0.0016612622394170484,,0.00010176264407796103,,1.0,1.0,,,,
